INSERT INTO INCOMES (CHAT_ID, AMOUNT, ENTRY_DATE) VALUES
    (123456789, 300.00, TIMESTAMP '2023-03-01 00:00:00'),
    (123456789, 100.00, TIMESTAMP '2023-03-01 00:00:00'),
    (123456789, 500.00, TIMESTAMP '2023-03-01 00:00:00'),
    (123456789, 1000.00, TIMESTAMP '2023-03-01 00:00:00'),
    (123456789, 50.00, TIMESTAMP '2023-03-01 00:00:00'),
    (123456789, 75.00, TIMESTAMP '2023-03-01 00:00:00'),
    (123456789, 300.00, TIMESTAMP '2023-01-01 00:00:00'),
    (123456789, 300.00, TIMESTAMP '2023-06-01 00:00:00'),
    (123456789, 300.00, TIMESTAMP '2023-06-06 00:00:00'),
    (123456789, 300.00, TIMESTAMP '2022-12-31 00:00:00'),
    (123456789, 300.00, TIMESTAMP '2022-03-01 00:00:00'),
    (987654321, 300.00, TIMESTAMP '2023-03-01 00:00:00'),
    (888888888, 300.00, TIMESTAMP '2023-03-01 00:00:00');

INSERT INTO EXPENSES (CHAT_ID, AMOUNT, ENTRY_DATE) VALUES
    (123456789, 300.00, TIMESTAMP '2023-03-01 00:00:00'),
    (123456789, 100.00, TIMESTAMP '2023-03-01 00:00:00'),
    (123456789, 500.00, TIMESTAMP '2023-03-01 00:00:00'),
    (123456789, 1000.00, TIMESTAMP '2023-03-01 00:00:00'),
    (123456789, 50.00, TIMESTAMP '2023-03-01 00:00:00'),
    (123456789, 75.00, TIMESTAMP '2023-03-01 00:00:00'),
    (123456789, 300.00, TIMESTAMP '2023-01-01 00:00:00'),
    (123456789, 300.00, TIMESTAMP '2023-06-01 00:00:00'),
    (123456789, 300.00, TIMESTAMP '2023-06-06 00:00:00'),
    (123456789, 300.00, TIMESTAMP '2022-12-31 00:00:00'),
    (123456789, 300.00, TIMESTAMP '2022-03-01 00:00:00'),
    (987654321, 300.00, TIMESTAMP '2023-03-01 00:00:00'),
    (888888888, 300.00, TIMESTAMP '2023-03-01 00:00:00');

INSERT INTO ACTIVE_CHATS (CHAT_ID) VALUES
    (123456789),
    (987654321),
    (888888888);